id,price1
2242,385.90668
20532,321.37732
10648,398.11603
20677,1094.9944
12593,400.3358
11159,508.18698
10680,843.4669
6433,2560.918
2794,278.37567
11579,852.6368
13859,274.62302
12260,434.26096
18254,373.81738
19453,467.71414
8121,1137.6577
9791,544.27277
7402,1914.664
3205,324.9226
14489,342.73346
10607,746.578
3659,593.2489
7625,514.53906
12862,2366.8247
13985,453.31488
10206,434.26096
6889,1919.5367
17791,697.8392
8920,2262.592
15762,483.25058
9762,294.99307
15247,738.9264
14490,292.0189
3545,286.13947
4122,469.39703
9075,443.03952
17580,435.8509
15546,448.82504
16679,400.38397
7800,530.03735
10314,298.3711
20247,440.46725
10068,1125.1997
971,380.49268
3832,403.21463
6052,2029.9678
12718,3477.459
11469,448.6873
10655,430.20407
5933,418.24954
7000,475.8539
18084,593.2489
20918,3448.4446
16193,877.37744
6116,1937.8737
7581,337.03287
2214,398.53104
19489,473.80606
2592,1063.0853
14541,1063.0853
5584,448.8686
20002,629.3842
341,2403.301
10363,656.4488
12292,365.64566
19769,414.31937
4521,203.54648
8402,285.37677
8485,500.36075
7561,460.6978
9885,268.9778
2582,390.91772
8209,275.7955
13611,530.07117
13591,438.93155
9676,389.0708
13851,589.6267
16691,511.64685
17785,568.74945
18685,429.46625
3369,600.2787
16066,540.0104
3003,547.73157
18981,268.0008
13554,584.87177
11588,507.19458
16379,1888.2401
12575,445.17416
9249,274.62302
15449,98.65484
20597,482.52386
12342,886.24396
9065,222.14091
17968,418.50116
17803,814.9225
13495,447.80954
11078,1824.4484
19475,690.4345
19860,357.80475
805,460.4544
1,911.34827
13151,463.53488
4133,819.6812
446,633.7102
18830,1310.1515
7909,411.26447
13969,1044.1941
6901,2246.5034
3961,3420.3213
10150,1186.9779
4490,399.9712
5897,292.3115
20844,405.98093
19011,592.2659
18577,528.5023
3555,685.14294
15716,485.3223
20324,417.22922
18654,2190.2124
8184,322.56488
4349,260.6817
13737,324.68423
10749,527.34863
19921,530.5565
15467,564.5653
10725,406.9783
18354,437.51172
153,657.45685
8961,714.5317
501,559.06494
18332,195.61725
4068,523.82947
13206,435.7014
15926,473.05475
20705,346.4618
15433,422.90167
16477,556.7972
15608,518.19855
4957,298.59045
9095,427.5721
12618,432.23474
17259,243.81157
6906,381.38962
20713,317.52502
15305,566.08167
5370,504.3649
20079,556.61694
5574,218.52498
8049,216.30492
3493,2753.6218
7390,543.0257
12996,450.2309
150,389.68097
7941,397.49606
16993,406.69202
18502,533.12604
1046,378.37708
17121,419.3635
15629,588.2112
18932,711.66583
8131,413.30115
6926,372.65607
11131,413.17584
10941,421.08517
12030,401.554
17959,516.059
14464,380.3877
18288,351.708
17404,1002.0381
930,1429.6731
10001,518.56885
7044,2916.8237
17375,350.2563
13231,297.03662
3147,1039.7896
4856,522.4609
14757,646.9769
14918,487.18182
10947,326.3148
17853,486.79892
6359,909.96533
14331,496.79327
6111,384.22293
20276,1847.2638
10660,1430.3883
4222,422.90167
20592,546.2645
1023,1953.8368
14844,448.6873
11145,644.2371
12578,448.8389
8668,274.99374
18474,427.38663
9807,398.5192
15911,1145.1355
3721,1045.8344
19353,892.66
17362,369.47955
11120,621.3818
18867,393.49274
17178,346.5856
6879,464.90488
4802,453.85773
15451,316.8675
15857,443.87634
3179,608.69934
7258,400.56894
6247,514.2532
14378,725.5658
9308,1151.5604
8879,446.03793
9484,556.654
7676,849.76904
14419,580.1552
19097,254.7062
168,1669.28
4427,264.80853
12771,489.47217
17299,434.70218
5118,364.96658
12040,482.24518
13747,535.6032
18751,407.36493
5227,511.7931
12100,473.6757
17604,448.25687
1218,481.66516
18775,284.2097
10853,221.34123
3168,327.32452
14636,292.0189
7927,353.92856
17035,504.07214
8762,356.77814
2152,415.22308
17152,276.42987
9824,357.5056
8142,3445.8645
15932,715.99347
1141,400.56894
17330,3551.2136
19889,490.23212
4915,593.1479
693,427.6916
14449,465.14746
1975,511.67078
4055,572.88684
13336,558.3042
15678,482.26035
8491,513.1952
15115,278.7482
14146,489.31113
19296,218.546
13281,395.583
20363,373.24896
13879,282.19955
7859,289.30072
18819,429.40787
3538,425.87582
13185,369.16785
10595,418.34845
857,654.24347
7654,321.9666
12429,458.61078
18200,443.2712
9710,477.58478
12240,655.4096
2939,296.41013
120,489.69238
11548,1066.3453
5261,1276.3224
5598,452.50446
7679,688.9557
1820,431.4787
3259,453.09952
623,411.4495
10503,500.50314
9267,514.6145
16624,1226.5208
20850,571.0288
9821,602.61115
4693,417.69498
14824,650.7132
14096,593.2489
6149,478.75934
6373,527.3127
12989,578.1533
5547,494.40308
5420,1392.2643
2058,995.26855
20958,555.00964
13945,765.4543
6245,458.1703
15624,321.98035
13317,290.36087
1802,416.2218
18216,417.24454
17276,466.27423
10247,471.17245
9532,1332.3105
1568,466.06528
13427,527.3733
12689,368.25845
9955,878.7225
8860,503.5313
9425,482.55655
19772,875.3046
5233,1327.4568
12556,632.6049
11977,288.04074
17523,726.0041
4760,1031.3118
17714,323.843
12022,275.2979
9905,2206.9683
205,150.30548
11438,345.77957
13352,494.66507
17203,407.6523
650,434.04205
11186,3079.5442
6485,416.1735
17370,2700.9065
19084,455.83334
6484,640.2695
5341,358.12555
8138,640.36066
8708,473.63132
6397,678.8387
12836,438.55966
12251,360.7996
17860,223.20177
2181,429.67767
19757,627.45984
143,409.62314
13111,476.01202
7723,777.9779
13060,391.27615
7508,470.18802
12366,383.46368
10779,584.6759
11653,425.10364
13751,432.1413
15564,445.92203
11454,306.86676
10572,624.81384
5140,459.526
1523,352.96005
20160,1039.7896
9103,355.55664
14595,2477.605
9727,505.6915
7265,495.7078
15253,511.224
15590,1114.341
9682,337.81592
15271,423.67212
18032,503.56625
14029,432.2531
8552,415.7635
15074,442.53842
11288,262.6093
20607,1800.2719
1184,409.1354
1651,359.00415
7177,439.664
1834,286.33493
17391,2045.3739
9564,426.31448
17589,470.15393
2022,460.3567
1552,530.07117
7158,711.66583
7311,311.8344
20026,359.9821
16405,2329.771
17235,416.6795
15558,538.11523
8468,556.27795
7424,529.91254
7307,2540.496
18602,828.32184
7421,374.74564
2801,306.40045
6154,294.0752
3296,292.32483
8568,806.1671
9285,254.72002
16978,472.21234
17817,1973.6615
7127,944.6573
6890,327.16974
3057,488.21942
10994,584.74347
10840,527.34863
14037,810.5243
9685,477.57138
14404,357.66473
9165,365.64566
6006,235.11363
5819,247.26616
8709,454.2817
18154,570.52496
808,493.5214
9059,582.5706
15285,437.40012
2081,2238.6768
17823,462.94168
15500,1043.5115
1068,479.90793
9008,515.9365
4204,437.6522
6919,1681.9243
12720,568.3673
15904,450.7519
5606,329.3229
8893,523.08734
12084,281.08322
7485,437.66214
11935,635.9806
17576,328.3235
10746,495.48868
426,573.5355
364,3048.3613
12415,440.85242
5546,413.61807
12801,653.81866
4203,2314.014
12857,357.92557
3163,246.69142
20485,1829.4277
10786,266.96762
20165,722.59607
8038,311.75034
7474,327.02197
16133,1939.0758
12048,502.42633
911,340.33478
14767,396.16245
19044,502.87778
12538,620.32806
11676,533.2908
154,309.10364
4829,1914.9711
2485,550.27606
15721,300.37122
16235,1073.3029
8337,806.52515
15320,515.2014
6963,376.16342
5470,379.40485
1262,418.00415
4487,721.6362
4409,304.44897
4027,1230.8766
2,271.78223
17707,553.5348
10810,349.54498
381,533.3248
3743,498.9535
6388,463.59564
13531,470.18802
9761,527.34863
11540,470.14474
10024,451.9272
19053,569.30096
20654,503.56625
17347,292.4619
7237,281.04947
18971,518.47723
17000,350.29398
19585,288.6315
14974,724.2924
13045,392.26038
11866,2025.942
16764,229.35088
8099,471.8893
10714,1079.0396
7537,551.36554
1828,400.79834
8170,442.3292
7499,396.46866
18825,591.7186
13661,261.0524
9501,432.2531
1706,543.0257
2739,517.8994
17997,432.96423
487,339.77002
7782,443.50507
2373,1284.7277
17478,540.58484
615,669.43604
3741,372.25293
14957,513.02405
430,486.3313
2007,285.97797
17652,432.76144
18160,439.34854
8735,461.11908
18121,1079.0396
4125,3324.7297
6897,333.95148
16646,403.91443
13731,497.2614
4524,518.03406
14108,1327.4568
17782,457.1499
7382,497.7541
11839,482.46933
15281,252.28604
14840,883.8659
17682,423.06107
9898,518.45874
18766,462.78735
13555,696.5085
3798,275.3381
9207,448.8566
10862,457.8532
10624,486.11743
10905,321.7587
19255,465.10403
18233,455.4296
4872,430.83374
9626,356.03116
13113,471.23065
18793,391.77362
15019,472.28735
7970,281.6627
6346,1012.3361
3287,530.4447
9179,670.5851
5523,1082.9235
3676,435.13568
5772,455.83334
18087,236.60042
8476,404.6309
3375,572.50916
14759,480.14014
13247,505.29785
20691,320.60837
17700,340.90634
4998,377.521
8528,438.78845
2700,471.69046
14012,547.209
7375,415.3572
12102,586.59454
7804,568.55164
13608,866.884
11052,302.6672
13933,435.50015
9043,401.4566
14417,422.90167
13488,886.2393
13607,731.49554
950,1368.7844
20644,1870.0447
6002,2170.1604
18246,1166.1127
10561,324.5924
7439,269.0002
20636,329.9252
11782,619.97876
8554,1510.7506
6651,564.38293
11948,426.4875
17885,367.11514
20649,2179.534
20433,223.84369
14405,512.7636
1959,551.86707
17026,2568.2874
10442,356.73907
12912,435.7014
18348,349.54153
17934,2702.8198
8428,336.28287
6200,487.8881
10687,610.7771
16547,1226.3604
5778,276.86224
18683,2560.918
19052,1847.4996
18688,516.6653
18266,693.9561
4292,1049.5051
719,636.75354
18846,2676.4336
12644,460.61862
17614,432.70224
20756,631.4528
1408,378.56992
19075,491.98874
11681,455.07422
10488,494.65768
17223,757.3996
10992,435.54715
19379,1854.8889
10896,303.1155
18871,240.01146
2815,414.00162
18307,439.89832
19536,341.0253
12667,3527.293
16623,490.51553
1628,430.20407
17431,577.5007
7934,308.73825
12817,278.89746
5156,507.60135
6588,447.80954
14847,638.4723
1775,570.43
19167,768.8931
2929,419.94678
9609,429.01154
16711,1702.1672
20594,564.9933
8202,2118.7383
4507,394.73026
1944,540.085
18003,536.87933
14287,3479.2207
2224,350.29398
6178,387.04358
6267,1291.2853
10508,515.00256
8089,467.02066
3450,498.9535
14507,543.52686
18783,160.9013
15726,892.66
20260,457.41223
10638,481.14383
10414,439.15106
19375,453.19504
1902,822.3751
13834,725.1874
11807,2560.918
741,566.8074
10497,544.9382
12241,1789.9241
4714,433.1996
8258,2179.614
13588,1389.2474
17446,403.91443
732,805.2743
3326,2317.6294
12012,318.0853
5688,497.49094
13342,364.97943
6583,496.24265
4774,825.4468
6026,283.23627
7111,446.29306
15353,347.16156
18425,687.7721
2368,322.1913
10979,378.56992
7717,414.21265
1576,281.98694
7154,721.2212
15871,420.8969
18659,487.19812
3162,384.01318
5694,535.45856
11042,485.25452
7370,282.22372
5218,416.69122
7190,711.66583
9020,2077.0037
19313,418.34845
5550,502.656
4359,477.89548
17103,458.72626
4795,1742.3994
8197,312.03033
2953,408.43063
10716,2188.9478
3746,555.08276
14973,486.6082
20578,823.9987
1564,1607.2618
5424,813.6656
12116,422.7847
20085,171.21481
3762,345.99442
2406,291.942
19657,343.09296
7855,227.62947
16586,490.12393
9799,424.52188
11444,235.52246
11800,485.93143
3107,853.9869
20285,1185.5337
9080,512.3012
6635,635.6045
17395,382.42596
12184,794.5994
17100,293.47437
16148,976.1172
7903,425.63257
12608,1196.1292
666,584.6187
18100,525.89856
14717,395.0111
13324,446.4721
14189,397.96106
3461,1785.0505
19775,1506.8883
4075,349.995
19111,470.68045
7551,328.49915
20848,319.2899
9140,496.00726
6740,416.7124
15578,389.66245
14791,402.45883
16497,508.39944
13686,1070.362
20762,414.89572
2364,311.90036
12545,397.04083
10225,813.8385
13221,278.37567
14812,290.2353
16530,387.7835
315,379.91727
6953,401.52893
4723,741.3797
17802,789.73236
11484,4031.842
1874,303.69574
4649,301.64194
18207,494.20035
4386,410.63214
6434,502.43692
3069,443.5685
15930,530.70294
14733,397.07657
3883,460.8513
9445,447.88834
2352,605.42096
9247,559.9729
15399,290.3627
18039,564.372
15398,626.98987
15033,451.0492
4934,568.47424
3224,511.9627
18343,2439.4907
10785,556.25616
12486,2779.5088
17587,511.47095
11340,332.48596
9742,364.96658
5505,415.2494
20423,283.83234
15009,410.4085
8734,402.5266
2263,462.45676
136,373.67734
12916,505.35168
3873,450.94012
11464,411.5259
4512,558.3042
6069,403.89096
18268,430.2465
14624,461.49167
10060,321.64996
17500,489.89963
1898,246.0362
448,402.08832
18279,454.29233
11814,431.17905
5878,230.0382
20559,762.8889
95,389.1424
11020,534.3037
20380,431.86417
3868,2087.8833
8365,737.7074
17476,383.3821
11208,426.38763
3037,308.41214
8940,511.3601
2491,464.84268
2404,672.7908
20204,389.0708
11037,1879.5779
3814,3242.62
6838,1832.703
4456,221.83983
4646,405.15317
15179,1512.3889
18208,342.51428
10478,445.92203
17102,2245.638
20097,461.61182
18990,652.7626
18569,893.10095
11445,394.75488
20948,426.68677
16346,574.8032
12943,433.21927
18835,444.98926
1589,427.76834
13127,448.02505
11731,433.29578
937,1931.445
7788,2852.7026
8664,253.24826
8067,381.38962
1779,708.47046
9520,513.87354
6943,742.1121
13212,507.46503
8456,2518.9949
14297,230.90218
9677,478.94366
19908,4120.6465
11764,613.86224
13543,468.1922
15722,566.5787
1989,309.02417
11105,463.30273
13906,519.0559
20739,303.09753
8778,933.7509
6720,536.3423
15000,316.82004
2021,2047.1783
14950,2208.5166
16974,362.4405
9174,462.78735
10376,503.21967
16875,378.06323
20791,614.8991
1495,704.38574
14807,351.94434
17196,611.59375
3126,324.04166
224,305.3568
4431,454.32718
17635,240.42717
10562,513.46216
18993,1084.7749
16661,532.66125
8248,302.91483
13296,471.8092
14649,1438.653
5229,2083.4165
870,414.47882
8417,419.0621
18408,472.35287
10985,383.31912
14380,1654.1921
1533,569.1098
17366,3653.2703
4062,868.9858
11915,482.24518
12151,479.90793
10307,421.74982
15813,524.5442
2557,357.95184
10761,1254.9945
11718,451.39328
16459,266.71152
15032,1674.6871
5471,435.13568
19998,1832.6
18633,305.48788
16221,371.97342
9290,523.6087
10743,518.19855
5266,2440.0715
14926,313.23367
13230,264.72137
15913,223.20177
9147,303.35736
9818,640.96155
14995,1871.4023
6422,272.97702
15945,3545.2046
17358,285.03537
6020,264.15936
9120,684.0524
13362,1576.0713
7543,766.90063
13076,4482.4717
10332,533.12604
1861,287.6443
14118,480.11035
12920,406.741
17466,320.34692
13515,398.23926
8717,1445.6198
20453,411.26447
3021,248.31192
16358,419.9245
601,547.60254
5659,432.6166
3214,458.6447
14901,341.4748
5559,400.30865
4572,470.44492
2866,276.86224
16079,789.73236
4661,660.44916
5125,216.30492
2762,446.18774
6515,350.11325
12736,530.8884
10483,595.1469
15443,350.29398
13449,525.61365
2577,596.74927
18251,282.3441
5512,1728.3927
18184,514.1557
17022,392.41574
7408,3143.4968
11195,420.2373
7798,499.0229
14413,1089.2504
18543,477.38675
8973,773.72876
14726,310.69995
13668,395.58777
15631,341.0253
1417,2546.295
14360,469.16476
15657,460.41245
11428,1857.1581
12915,410.29477
10781,356.77814
16938,410.2769
14497,2705.362
10410,959.1781
8210,430.82068
16391,264.99667
10635,371.53912
11984,544.9898
11768,747.6869
10128,614.6698
5248,293.61688
17386,349.16852
9322,1116.9995
4372,371.53912
1203,467.9578
17749,346.7569
14161,529.5379
1584,542.67773
5954,493.7957
12217,301.69818
3531,412.55536
16022,1870.0358
9920,280.3985
7151,843.38446
15096,326.56174
10731,414.85132
1671,426.5118
7975,265.49197
3374,302.24683
20089,1871.4023
15046,271.5854
8375,2161.7456
18434,869.975
12944,1215.3362
18201,457.5846
14654,497.2614
8846,411.5265
19426,461.04443
3002,541.95087
16898,469.6583
12381,410.29477
5403,325.60413
10636,374.48907
17657,570.4394
5906,567.7048
20124,467.91324
5467,373.5364
15521,437.94177
69,553.98175
20890,2996.192
10868,302.24088
583,544.1456
10035,442.77374
11101,632.6049
428,417.3083
5356,437.8019
3399,492.17548
4782,521.3986
17495,330.7293
10586,445.21402
10653,475.0058
16097,1415.8793
16841,507.55295
4995,740.21594
642,376.62796
4535,449.48358
19798,355.59116
13801,819.31024
17177,272.04053
10682,1034.9896
20807,268.0008
9953,256.72397
6830,405.4843
6626,303.69574
14393,504.21643
11830,1931.0018
8703,308.61316
1541,447.96652
15169,466.1162
9246,400.9232
11356,424.41492
17931,638.3835
4071,396.78458
15967,807.4685
14434,1071.2438
18395,503.50784
12054,308.42184
7978,487.8881
3998,408.11652
844,380.22128
9917,365.2358
789,1715.4961
4380,360.57132
17154,487.91846
12305,731.35205
10217,569.83093
15029,525.90936
18588,248.9012
15108,577.3577
4398,612.2229
20298,410.94998
8637,964.65106
7803,447.73538
2234,570.43
18852,809.6103
4917,527.3733
17300,405.96106
6672,438.93155
4035,535.3048
906,1304.4868
10733,1036.2396
18020,889.0289
9656,803.2293
16982,383.25833
16418,419.44443
7305,461.49167
14375,786.6595
19926,1709.7297
1192,536.2235
4373,465.47852
20095,507.07495
17288,1213.5376
19227,335.74164
12811,386.21176
11345,868.6391
8577,464.12622
13321,1582.6683
9861,307.28195
738,510.82233
11672,1923.3048
19516,474.92514
12511,415.2901
7145,396.16278
17837,474.18173
17209,1543.011
1657,252.28604
3384,372.67307
11526,843.38446
16394,505.39783
18417,364.96658
20418,1640.7039
5176,1309.2255
555,456.68872
10989,273.1822
14880,470.02313
1800,1286.8142
17094,1792.8783
5013,593.2489
9176,458.45264
16519,1397.1642
12873,438.21555
9013,2263.2976
13103,320.35306
6344,449.09113
20034,382.904
5940,300.81503
19000,2580.8032
17586,553.3857
8862,435.81558
1050,438.74112
8823,277.8257
15413,315.6521
3096,282.07513
9433,2518.6973
12871,462.9633
12540,868.6391
2963,674.5399
11967,458.79663
4236,376.16278
17353,278.48825
5905,276.62558
13596,437.51172
394,1591.0688
16802,304.41504
10281,796.6842
8413,475.42673
8791,547.8543
6727,439.64273
20572,1993.0952
18357,527.34863
509,347.6892
7945,479.0725
4242,215.93669
13666,549.0267
10176,427.97186
922,540.2792
20814,1284.1616
20273,1141.5814
17133,466.07968
15485,720.697
8300,1530.324
4796,324.8032
807,2279.6946
14138,1306.2009
14198,306.52618
11049,462.54236
12603,505.60797
20417,697.8392
9312,474.76202
5492,705.1595
6511,317.04938
8071,3125.6929
16034,1662.3937
13357,293.4242
7088,505.78275
7694,1.1682736
1986,402.45883
17129,189.90111
8119,537.252
17122,476.65475
11802,491.3083
3059,425.04712
13192,519.0559
7120,306.6424
10165,374.32132
6401,281.4209
4969,758.09344
329,379.72037
6273,1992.1116
20767,330.42664
3090,838.33856
14579,325.86633
18980,420.8193
12323,290.9229
18810,521.9412
17398,311.10153
5834,450.34668
16580,928.8326
13150,558.3042
17130,422.30063
343,507.38602
15363,2077.0037
31,449.48856
10693,152.40134
16963,439.4136
15850,1413.3317
10133,730.443
6309,649.5791
8527,423.871
19152,416.2595
17648,463.65094
10526,493.82538
20386,1535.7587
10110,520.2414
17442,417.64426
20870,557.3904
11243,189.59326
4366,544.87854
10037,2580.8032
1388,418.8077
5963,455.23813
7414,360.13342
6308,469.6244
16837,659.3651
19290,566.9207
3582,391.64206
2556,158.49144
13510,815.0494
5893,1341.4955
13487,321.7587
15973,409.21313
6692,470.18802
13844,365.5449
15616,444.08948
12198,420.24265
6159,543.47894
19871,479.86148
2725,444.95618
16158,714.86786
470,1630.9711
2702,450.28806
15632,472.28735
12542,861.7027
10437,437.89734
4611,536.2235
16822,393.39627
19294,307.1577
11324,457.00812
6970,693.3354
10175,346.44403
14822,614.27655
1833,2425.616
9640,413.72208
9476,334.83295
2194,306.86676
5673,477.0863
17385,569.29346
641,1992.7322
9098,639.9949
13575,397.99765
20579,535.4438
6887,542.22186
18403,496.89154
17460,448.9748
12092,1987.7354
7170,391.77362
13416,671.1762
14954,283.37323
316,605.02136
5764,454.02353
10121,455.83334
14026,558.65045
6659,505.60797
3665,472.78476
13956,487.83295
20288,365.64566
674,495.88718
20179,328.32565
13764,505.60797
19311,446.8431
10319,244.36021
9049,450.95856
2061,424.60226
20293,280.58026
8646,496.1194
11538,506.1455
2809,351.96246
8722,500.81042
17445,297.2033
10457,495.05103
921,427.06186
20788,1250.1359
6698,1421.3395
14538,429.90207
20712,245.66484
12747,282.4781
535,1119.761
15592,394.10504
2878,372.4054
15334,588.4703
6360,651.99854
6942,481.43253
5301,568.34094
5848,406.61322
4721,1497.1759
1610,265.828
1015,1210.1978
11581,334.83295
20931,337.01807
13558,368.77737
2329,187.84332
5917,349.391
5877,895.5248
19994,402.45883
13527,473.7098
17744,434.44678
12659,569.20667
13916,410.29477
7539,1683.3607
13249,388.21686
12711,400.29062
1755,1193.8031
11128,580.27625
12205,341.9605
8705,423.08252
2232,457.8532
18611,262.6093
17789,421.8922
2494,496.5618
5151,266.96762
14246,1326.6781
12316,524.60767
2347,537.7686
8964,693.7398
16951,414.6085
6391,640.36066
1359,467.71414
19461,332.6938
13326,815.62994
12248,265.02396
14094,332.22
3151,1257.9932
11402,459.81006
20093,333.92392
18520,885.91235
14642,1779.3496
4462,497.922
4143,406.44843
20601,589.9379
1531,278.7127
16052,435.22736
20359,532.81274
7880,421.62268
10554,366.27078
19335,255.88582
6225,468.21994
13233,269.24536
7790,528.2401
13070,353.8271
13865,351.3279
12704,308.7361
9487,570.5213
13049,1939.0758
7415,474.16644
17230,403.91443
14134,466.10468
6522,276.66724
7171,426.4612
16012,407.67557
6163,647.65594
14193,735.3383
8238,904.89185
17513,442.08746
4468,523.4074
20810,303.63892
14407,515.2014
18848,1813.285
18010,521.0743
17017,466.21024
10423,441.3884
17901,822.1237
8046,462.41864
10436,666.5204
12247,441.86768
5658,503.02945
18698,271.71576
18171,345.59842
18433,502.7248
12237,425.61942
17101,315.59943
10309,188.46724
12283,636.85
14077,1655.8115
4958,420.9004
3207,337.8463
4289,245.77274
17571,699.912
4783,789.73236
859,818.9152
17578,3543.02
3176,619.5601
2889,1333.2212
231,390.22278
449,1724.9652
7937,269.0002
6197,471.0318
15612,359.56042
181,584.98944
18562,822.3751
3243,1356.031
14858,274.62302
5267,395.0337
5892,269.90912
16868,340.20297
12888,274.05185
1189,1222.4076
1854,570.5152
6039,247.50696
3647,532.91846
3729,364.96658
17340,558.5228
5258,417.4148
5648,393.0164
16339,379.24847
10728,1295.3136
990,548.2953
5894,728.2427
11311,224.83023
3572,393.28616
18586,549.0267
1979,986.19336
2796,341.12842
17787,315.08847
11983,455.44635
14355,1992.1116
1724,424.33435
18601,822.3751
17813,298.4714
8867,436.296
617,441.9622
13701,417.99283
7604,507.23993
18555,466.42517
11804,412.55972
16121,2198.808
16007,1306.2009
7920,299.64938
13730,503.5313
19654,481.09244
14797,420.9004
15719,446.4983
19944,319.05942
4882,2196.8796
15333,470.95816
10199,547.3758
16636,485.3845
20938,415.9463
15396,406.89743
16217,455.01974
19827,1305.8066
1749,389.47278
16980,281.88693
15838,358.52307
12449,511.3601
19260,411.9294
13755,435.13644
14593,302.3639
6870,274.62302
19738,398.23926
5394,473.6472
3544,458.96277
8795,389.7683
16954,733.475
5232,402.83035
14513,1482.888
5209,452.15668
11779,483.02792
1265,806.1671
12759,438.61816
4880,673.0875
17124,536.6137
20270,329.0568
2435,2129.0312
363,453.62393
18298,3049.9963
18924,495.14084
14274,505.52713
20771,467.7854
1481,346.7569
12917,371.53912
4389,262.69653
17283,408.26346
5305,2477.605
5217,452.2465
20779,466.18597
9618,598.4777
10588,423.24973
2056,480.8146
1090,419.53644
13982,395.44556
13831,382.3789
17844,1016.9153
4791,455.68433
10515,339.30914
8072,386.8901
12568,570.5213
12566,407.28586
4873,384.36444
19331,1095.1091
6548,3361.8323
6045,2072.466
8647,456.49274
2639,362.9482
11180,413.30115
18589,2041.9768
17294,361.91364
15972,807.59686
352,314.9603
8830,215.93669
8874,435.78207
1437,1546.4152
11810,416.74777
10661,369.58167
6113,507.3119
15446,471.47714
4263,428.4372
16570,439.22885
4231,462.6432
6281,341.32834
16250,345.36053
5365,365.40213
54,322.13635
12749,264.99667
586,405.5088
6315,617.3101
10280,611.8171
12388,476.2059
638,472.0637
3482,447.63287
3252,382.3789
6718,312.61346
12353,423.0919
2116,441.08566
7219,546.5446
12639,254.9283
18642,2241.1426
10841,558.3042
13081,450.3145
13302,395.6192
16466,387.04358
9580,641.06104
8437,356.03116
6131,665.7792
2714,1380.519
4551,436.73148
8185,1649.789
5101,477.71356
15070,1525.6206
5092,391.95547
145,416.6433
7029,496.98602
582,453.24405
8713,418.34845
12809,254.33858
13886,439.3594
20385,388.29538
11432,510.52826
14455,449.11154
14651,415.19656
10529,215.0722
9090,169.70464
4748,637.2746
11749,617.5448
5020,405.3053
20024,496.21124
18722,389.66245
4241,580.50946
28,936.1717
6554,467.7854
3806,418.50116
4215,223.20177
6366,574.8032
13333,535.2445
14925,447.8051
16549,302.6672
14293,172.57916
13830,387.04358
17328,327.93893
3240,478.24756
5418,439.3594
2732,1893.3589
18677,211.76534
3853,349.6766
12993,376.46536
9883,532.7614
7837,396.78458
10209,2196.8796
14523,407.50644
954,358.597
7529,398.23926
17651,428.75238
19572,205.59357
11354,1052.5858
9743,417.87433
987,308.9821
20551,1931.1818
16348,265.86267
11079,585.15216
11025,805.10974
12062,469.6588
13123,764.7289
14494,584.74347
3830,492.9518
5653,493.48834
20027,632.93634
10559,435.49625
14838,3243.3809
2297,476.68124
16677,2960.7324
14425,215.0722
12232,303.40964
9369,294.6916
5993,237.18692
4322,483.62494
8553,1188.5255
20144,347.16156
17176,882.4517
16897,408.43063
19312,313.08246
12393,586.13806
704,623.36584
15569,484.8501
16157,708.0366
3990,377.83032
12239,3663.6577
20480,585.477
16495,350.29398
15855,464.18365
11959,579.5972
7349,435.81558
4840,426.4875
3412,440.88635
4582,530.07117
19425,551.7012
6555,564.372
9739,271.78098
18236,577.03253
17082,511.64685
768,595.2287
2331,480.6801
19512,927.6896
9613,350.2538
17510,655.56836
11738,557.6927
6503,400.5148
10692,3448.4446
777,451.22974
10600,304.978
9171,478.521
14484,567.2816
4169,563.45703
11319,304.7715
912,699.7366
6641,789.73236
5737,563.48956
10296,480.97485
15950,324.75806
16582,505.29785
8135,300.43002
5712,309.05283
12982,434.44678
5486,2793.4546
11784,1964.6858
12671,591.32446
5159,464.18365
9347,508.5642
843,2303.454
12480,544.87854
5368,398.48172
11624,1257.9932
73,797.52325
12202,278.37567
17417,577.7922
16194,2530.0913
7232,703.1052
12882,471.61047
10689,312.9414
15160,516.40515
9823,434.35275
568,638.5839
16630,407.36493
18618,904.89185
3933,482.24518
9951,414.85132
10003,826.6387
2515,2241.6963
645,473.07758
10262,393.29306
10599,493.49753
13808,329.12524
528,346.3013
6680,440.02814
17991,2418.957
17568,412.56448
16145,520.6012
16825,409.21313
18143,458.85242
14966,510.31262
19746,1998.4822
15344,279.91208
3568,542.8002
11008,803.84607
19528,357.80475
4152,403.38892
14873,310.66095
9450,448.58905
15982,1284.7277
10966,755.9565
9340,466.95734
19113,303.63892
1019,489.95752
15133,2108.114
8689,437.70905
5166,418.12286
9669,454.67194
15994,421.74982
17890,872.2739
13052,403.64133
8148,211.76833
679,482.87213
20511,881.7669
5419,604.26514
19783,2250.1218
8977,875.42303
5242,362.24738
11958,246.69142
7015,302.24683
9453,233.8213
13381,328.99338
17541,274.62302
1422,2541.4624
227,376.34433
16880,377.1143
1723,431.17804
2587,517.8994
19509,382.4893
3217,169.70464
3089,420.5952
822,679.62976
8458,480.7708
17410,343.17523
12441,286.11893
7407,1650.6702
6239,2085.0295
17936,350.83716
6407,653.96344
20675,461.9773
13267,364.96658
16660,287.14526
17257,507.61835
14568,402.29254
232,464.6084
4252,425.74185
2947,619.97876
3920,457.88635
12913,396.31607
5291,478.96332
7759,1257.4773
5243,297.629
8772,927.6896
2025,275.01788
10767,2923.5627
9155,280.92264
8186,254.9283
4017,403.64133
3180,3347.8132
3753,1003.79034
16063,528.824
17192,448.82504
3927,316.82004
11201,416.2417
1438,822.3751
11419,427.7976
14572,727.0531
12936,2312.2527
15303,589.952
18243,433.99597
6400,473.9159
19602,479.4929
6556,2205.6294
15447,553.5348
19707,263.89636
19276,420.5817
15342,418.3049
15953,488.53024
18033,624.9108
20025,1755.9352
16699,995.26855
4039,502.7248
18042,405.15317
17591,638.3835
13636,471.5957
18167,591.59045
1350,380.07327
6976,326.15225
13436,445.72656
1731,462.78735
18469,494.9044
3645,1260.7568
661,759.1117
18358,1977.0256
19220,305.6584
1784,822.3751
19153,2347.3257
5452,3503.6682
15496,405.03387
7325,797.655
5633,2881.726
6896,472.3783
11291,330.42664
5235,802.16315
5085,274.62302
12037,296.96667
12945,630.4297
2790,590.4855
13106,516.7826
17111,543.0257
3351,389.29965
15061,451.03082
3738,621.33185
20877,1637.4094
3422,2161.395
18765,468.99548
18222,423.8256
18615,458.09418
11113,284.75458
9257,460.2749
2893,348.05963
602,619.9589
17193,1523.9713
5656,274.62302
18118,487.8881
13440,396.9313
6289,438.30237
13530,1421.3395
244,341.47632
4000,505.89008
19246,456.49274
22,381.27966
19677,528.28925
2477,535.8013
15089,360.9416
14978,299.92474
7595,415.19656
6034,354.59607
20243,629.37415
19527,439.7767
249,693.7657
5319,519.81146
14492,493.18155
1613,715.99347
6614,619.97876
7958,3717.276
18913,511.67078
14528,573.2433
20086,566.3778
5212,382.3622
8306,505.1195
11363,898.435
17388,610.64136
9952,297.03662
7747,608.1551
19700,336.28287
503,384.98007
16647,423.8256
16467,849.76904
20172,444.33582
17380,473.05475
6023,277.8257
16849,414.31937
15677,471.61047
8426,496.8047
7866,478.9015
17452,347.21384
19929,1036.2449
8543,503.13504
20307,440.46725
12837,1146.1698
9778,523.34033
8313,426.38763
4030,532.50464
17244,1997.0265
12976,319.6346
7983,2646.169
1133,1275.2847
14899,268.798
16015,749.0076
3863,432.98544
2466,593.3484
6005,339.5476
10758,416.0938
3934,337.24908
1997,539.5124
4663,503.07916
5980,540.51886
16295,389.1054
17926,441.8888
1831,281.05817
6935,816.2687
12164,496.89786
2671,1306.2009
20840,368.25845
6600,3256.9
10832,529.91254
2990,685.2757
4984,444.26605
11670,1327.4568
16218,488.9082
11487,1056.3615
9306,2883.6726
8789,656.63477
14353,1813.782
15764,450.63913
6053,1218.9052
215,1230.215
6055,2304.4065
19886,343.09296
4769,272.84155
9067,471.9899
18808,592.73816
722,539.9552
15940,785.3396
11707,549.44543
12783,441.3884
16583,613.344
14586,389.84204
19758,417.60373
15769,376.16278
4600,458.8773
9150,455.65167
2860,482.2338
19197,704.38574
11261,442.24756
7497,435.12177
11688,435.13568
208,483.41953
18260,843.38446
8582,466.8809
19882,475.76736
12061,502.7248
137,322.8587
17565,569.20667
4147,505.29785
3250,320.16168
740,617.65533
2505,306.6163
13389,549.44543
2147,565.48035
10568,383.46368
18671,431.40054
17051,469.9905
12302,826.6387
2960,494.9044
11555,437.93613
15045,1188.6849
1553,348.66452
2187,1030.4268
16526,1266.7787
6774,212.75217
6495,423.222
14596,554.4808
13466,896.33624
112,786.5358
16813,987.07947
5680,2096.2747
7300,583.98206
15846,360.7996
17125,443.78073
20639,323.9658
13407,161.60501
6236,500.05832
7615,402.55487
3407,445.7161
10170,1207.1764
20297,376.0275
20164,263.46695
19733,289.72424
6443,464.56442
15740,572.88684
5416,790.59827
10084,697.51825
15260,607.15344
9653,432.43912
12406,476.71658
9113,468.72556
3942,722.80756
8097,273.61847
14919,423.956
4570,442.68723
10518,377.521
1940,1628.0046
3921,457.88635
6690,524.50275
2948,574.8032
20378,443.47153
6764,415.3948
4109,1568.4023
9014,506.3582
956,453.5323
3507,500.5446
15873,507.5814
13744,510.18002
14872,471.74622
10444,2252.132
14794,462.69232
6051,499.4866
5214,4131.092
20782,520.47675
4937,487.8881
8345,244.9641
17754,512.5553
14517,537.97107
4722,425.04712
9116,254.91588
11825,404.2065
19403,437.98337
18726,800.37195
3307,2176.104
7428,426.17917
6220,278.9281
13044,471.03635
3264,404.76367
13182,506.60034
5253,265.19037
20819,570.43
19661,293.4242
15641,729.1151
17916,499.0229
19802,267.0632
15345,411.5259
12267,369.72018
6586,482.04425
3509,783.34106
13178,304.7715
8581,278.37567
10338,1227.2208
19157,498.1564
17342,274.99374
13117,256.35556
746,275.89566
46,369.26358
9516,597.5543
2240,437.6522
13131,446.8431
20331,487.0172
18432,541.15393
15331,2179.534
16671,439.974
4424,338.03745
5610,2701.4597
3092,678.8387
12929,329.81927
4164,514.87445
5137,254.15363
3348,439.3594
8792,423.06107
683,481.43985
10814,315.9695
216,318.8439
17116,239.82195
1204,494.11084
10126,330.93314
17232,470.28293
5815,527.3268
6019,2332.1528
99,428.1455
1294,297.87396
15111,455.01974
5250,397.78162
19241,280.53308
13248,698.6311
9327,504.47403
3111,343.1985
1796,2484.7107
17099,488.21808
12930,326.8944
2248,325.73938
2353,475.4139
1887,470.42554
8237,939.5403
20642,393.39627
4161,441.40323
2498,2005.2379
5484,2220.3374
19853,490.4648
4041,3602.122
17344,557.57263
19231,1048.493
19467,368.01587
5516,433.24722
13289,464.18365
9141,312.539
2611,290.32507
2183,807.59686
6160,475.14102
11275,364.96658
8391,446.0843
9674,311.90036
6312,702.61707
20498,350.1055
12052,1002.19135
1514,452.46844
19613,471.07043
5771,253.9634
10651,704.8279
7017,360.53235
19718,585.45844
13168,2447.544
4171,708.47046
19939,332.4291
12835,393.28616
4816,2383.0867
19388,1403.5905
13006,525.41144
18489,1066.9352
18136,1025.6254
7486,283.37323
1546,406.13803
13702,125.84725
498,462.25632
3302,536.3026
14581,1006.1832
14763,522.08685
19076,1403.5905
17107,471.94238
8898,568.6955
10033,744.5215
11615,1202.8468
15488,372.4054
11359,545.7697
1618,345.59842
5646,523.26105
3228,425.37393
16996,502.847
2578,315.07852
12777,456.89716
1746,449.0305
7550,464.56442
16545,507.346
12420,364.13257
10053,302.24683
17427,453.8472
8462,270.94522
1534,393.3266
3354,410.33673
9972,343.76855
1247,406.1329
18453,437.70905
8319,434.46185
8901,417.60373
14614,437.90726
13927,376.03427
14920,1876.6141
4480,1036.2449
2743,547.209
9111,473.4671
8900,522.07947
6445,544.7379
9717,1146.3384
7955,318.04935
5456,737.0622
6731,321.4303
20450,243.6209
875,256.92755
5055,1544.2197
8393,416.38107
8508,2679.7537
13925,370.7595
19826,301.22052
11840,473.05475
18609,281.09726
16738,369.5609
1079,897.90326
12476,1316.2349
10710,626.98987
11730,458.46768
12604,721.0344
11109,371.53912
9477,646.11475
5608,324.9226
16912,413.97418
11945,398.2014
15566,560.71844
7532,2885.1472
6831,482.24518
18149,279.0382
84,252.23996
17145,420.51993
8513,386.73355
1067,470.18802
17302,400.84616
15420,484.41238
7785,3493.3955
1814,280.58026
14712,93.09539
6707,400.29062
20250,491.80136
11303,554.6706
19223,301.1166
10413,584.3692
10753,457.8532
8622,300.54016
4182,516.7942
6550,457.51715
13386,434.0544
20942,293.43347
810,542.2409
12146,437.4899
17679,387.9763
8590,315.29538
7716,271.133
20336,293.11688
12456,413.62253
11757,461.9773
6076,503.9246
4990,437.76312
2503,381.2283
7700,1213.5376
15369,1733.8878
12707,2482.098
11071,398.13855
8431,307.02914
20858,1997.928
4351,329.20282
11701,953.4303
10454,398.5192
17535,569.1183
13490,1932.8853
488,535.0022
8610,393.60483
12201,528.824
8537,412.57376
5640,594.18054
17262,453.90054
16326,384.23462
17199,260.32193
3671,920.9495
11987,505.57037
10613,448.02505
2949,300.51392
1512,453.16248
15896,752.8071
5384,432.87683
2067,311.8344
9785,458.51416
19057,464.12622
13412,445.72656
4585,499.25372
9872,293.50845
2273,462.56342
20099,711.35486
13224,307.1577
5935,1029.3749
2033,627.8177
913,891.6364
15388,523.34033
14322,324.04166
14769,2181.1628
75,600.2353
4494,471.13013
9611,457.7647
19449,483.32565
3048,413.6908
10970,310.2815
19879,695.97394
11813,526.5594
9829,551.11755
9282,350.89572
15090,708.02466
16509,319.5311
18979,1902.3679
19553,1965.7969
1061,739.1945
10367,161.60501
8758,2409.206
522,457.02957
2686,345.2488
6760,892.66
2195,685.2358
14396,739.81
7406,999.9149
2666,538.1588
14159,483.02475
12529,270.89938
2010,445.20078
3793,1380.403
16270,756.9048
10620,882.4957
9848,420.88376
20150,491.17145
12907,1498.6722
17794,403.876
4331,2268.305
9210,569.14233
19135,409.9785
17319,415.0276
2682,449.7311
10141,1002.0381
19281,256.35556
1836,330.93314
15536,308.44272
6777,547.3596
19150,461.20923
9563,300.0817
1809,387.1243
12261,401.67847
9213,307.8713
3009,375.9875
2867,1195.7814
50,2151.1611
2728,254.33858
3452,427.97186
1777,324.30743
12754,662.26636
4181,708.47046
18206,505.52713
17227,507.6699
7204,916.78217
8001,280.71503
678,2760.0955
5677,312.49405
1200,402.45883
7956,545.55804
8538,422.7847
10087,909.7508
8004,683.2282
7445,558.3042
2288,450.6328
14516,414.23215
12755,884.05975
11082,477.90353
2481,299.64938
14510,422.2116
20240,454.93445
19868,412.55536
13424,400.23956
20764,510.40057
11415,984.0106
4982,461.15414
5593,584.74347
20783,278.96255
19232,498.1096
6721,909.96533
19503,730.443
9001,203.54422
9217,287.6443
3760,496.24265
8945,486.79892
7086,348.02917
8954,634.65344
4785,434.97205
1517,519.0862
3100,664.9407
13473,728.7207
5826,1498.6722
11368,455.83334
1971,421.0436
1884,511.37378
14673,299.1645
1119,556.7585
17721,470.02313
6210,630.00836
6847,486.36218
11123,371.6177
6409,452.12094
9054,389.22748
16101,278.45834
14288,360.94778
11741,604.6379
4100,1002.0381
19013,269.0002
1878,660.8151
3496,293.17432
5801,629.3842
4279,259.53952
18680,1251.083
14742,577.8094
6276,573.5648
13345,418.75635
12264,1327.4568
9266,822.3751
13897,544.9382
15487,276.8864
16831,650.7132
978,536.9278
11976,505.60672
19176,458.20526
17220,560.71844
4481,287.44183
4317,571.3446
9881,449.42883
12668,527.34863
13498,447.80954
2236,413.44452
18155,371.6783
18792,822.3751
16960,500.2495
8967,327.9338
14611,807.15564
11254,296.9926
11500,482.24518
14376,1151.591
10116,1253.0128
5639,620.22473
15454,386.9841
17967,582.8223
11244,476.68576
19541,266.96762
6442,702.61707
20295,635.9806
3350,652.7626
3799,377.521
18074,2489.8806
6466,445.72656
16324,1925.7557
16054,361.86765
7601,371.2346
10152,4074.7583
12063,106.621185
12243,436.35657
15080,455.68433
18479,422.8449
2520,629.37415
15585,891.20233
1642,317.672
20374,450.33588
10580,2224.391
811,1793.8964
13638,531.4709
16410,433.30392
14341,471.17245
3193,508.16284
6506,1855.7516
8029,489.99573
8955,501.99176
20504,622.52515
17084,2068.597
16649,2585.034
15772,455.81055
11702,469.6445
2729,763.5183
17946,445.50522
12078,260.35233
4950,340.21677
11644,297.2033
7313,479.83792
10026,1028.8163
17160,277.8257
15214,303.1418
13341,364.99408
9557,826.6387
6908,449.0863
8691,437.98743
3684,584.9006
9981,404.96338
7655,548.30707
7980,404.942
8626,253.7455
10450,1269.1405
15576,3228.942
18989,499.85385
9697,611.4167
3327,609.9591
15231,161.60501
4798,986.277
8450,448.31873
15687,402.83035
2100,694.98865
5239,706.3815
3398,447.90945
10134,270.504
14263,405.22702
12829,334.91852
2381,2511.9563
17093,479.59183
10987,384.04755
15892,344.46658
4834,865.63
1928,548.17285
18141,447.88834
15093,450.74695
8643,521.0743
12453,685.741
13330,711.66583
4048,1525.6206
16720,547.3758
18341,1710.6927
9363,558.3042
7459,514.38184
865,468.68478
4921,304.61475
18803,333.6628
8283,392.6654
11393,403.845
15723,474.46893
7018,475.14102
20411,515.26514
18490,563.45703
17003,284.65607
13698,586.13806
15255,386.07532
2907,349.0911
11778,498.83508
1577,278.9281
13074,1105.4833
14883,433.24722
6222,300.83804
13128,478.96332
2434,288.57883
85,422.25006
12193,228.56322
12417,493.30524
8304,809.0007
18877,289.26654
1579,371.4309
1623,1768.358
7500,369.70312
12335,1146.3384
867,338.4097
16759,902.7419
10453,402.07727
14969,593.2489
55,342.81577
8305,690.196
12594,2368.5676
17429,356.78976
7282,505.69086
4,498.4956
9318,4405.354
1970,465.26016
12770,729.824
20697,491.98874
19811,532.48376
10115,2411.6042
8230,254.33858
2064,378.56992
4234,2134.855
10903,468.51035
13255,2460.2485
1696,460.63977
18443,476.84396
15636,355.4099
15436,1140.3237
2806,2220.3374
1544,1053.7616
1071,284.9587
17066,446.4983
5760,438.78845
12957,428.69974
18103,764.9742
2573,622.1008
276,316.06796
8718,439.64273
1235,561.4517
1206,271.225
8855,635.9806
5446,333.83957
6937,476.0657
5849,2923.5627
9060,452.12094
14591,482.24518
4417,491.38474
4135,255.41542
2959,2234.884
17783,1438.653
18242,560.656
8595,287.12344
19797,2544.571
32,1683.3479
15869,426.1159
15471,501.05118
11353,485.6179
15720,1827.2087
7172,368.1115
1212,459.59445
18317,1354.7861
6481,312.09995
6437,362.67206
16909,420.5817
5921,999.69806
17198,611.1968
7960,463.1212
4370,365.5449
6147,483.7658
5978,696.4558
6403,235.61711
16766,441.40323
3511,660.7429
11222,656.4488
18514,394.8739
18655,356.91742
6257,3653.2703
19983,505.6915
12207,366.27078
8564,431.17905
5713,2045.145
17293,428.5008
9736,572.50916
16401,199.92984
17974,485.87018
19274,333.17114
3742,482.599
14265,1250.1359
10895,501.70776
11161,519.52423
10570,502.5021
2165,435.7014
11418,312.52335
11485,552.5189
15525,394.75488
4142,461.28586
872,3018.0095
15963,271.5854
9078,396.78458
13715,389.25256
17962,283.9
12210,479.4929
3906,537.54663
12171,455.3661
10385,400.3358
7473,392.41574
11325,321.7471
1236,3489.99
4288,458.35947
3299,466.02063
20741,509.28897
1366,526.6729
13979,406.54214
16959,704.8279
407,807.1886
16667,2001.1584
3405,984.0106
942,255.50317
19330,506.1455
6765,969.52216
4627,311.75034
11516,893.75665
10245,495.63593
18883,513.1541
7693,339.02206
12274,1039.1907
16426,2570.3127
2392,1044.5203
8332,593.2489
3648,704.8279
7614,320.32214
15310,311.4866
7731,456.9331
12255,669.7049
11553,469.9905
9426,789.73236
3364,251.57591
16341,1892.7543
11994,578.9625
1211,462.78735
19586,541.40436
5230,475.124
16932,391.69098
3426,564.9933
19068,413.9109
20309,458.52863
15921,291.59546
5934,1294.3834
16931,457.31305
7197,383.25833
10081,465.10754
15625,1133.8658
17799,3158.4958
4064,282.05005
3495,221.83983
3984,524.0957
4530,1311.0663
6531,477.23373
7736,700.07336
14959,413.24707
10151,469.9594
11423,351.6163
14204,492.02594
18574,2673.6484
10055,610.26013
7169,391.92728
3456,430.49875
132,1134.3583
14661,237.18692
10474,299.64938
18873,620.5822
12287,449.7311
16342,360.8953
3913,431.07504
6377,413.84628
14857,390.85422
16593,1580.8256
18772,337.4149
19268,424.6072
2118,372.4054
16470,1997.0265
4832,341.12842
20174,435.23257
13963,465.4146
10275,339.75888
12653,456.49274
10132,273.61847
14223,1557.8538
13163,546.4034
3425,376.34283
12748,606.05646
10646,337.19812
78,691.5291
6319,493.5986
10683,570.5213
2387,2202.7334
16068,2528.9087
14828,485.80798
3556,431.40054
19764,1286.8317
6238,1182.4805
7006,347.33905
9019,282.47565
2080,508.859
2027,152.40134
2558,290.29605
16894,502.30707
15277,451.9272
734,475.68604
18062,562.9209
2647,573.36224
3486,442.24756
13238,436.47375
14561,480.4787
11238,395.01752
12284,502.7939
10173,433.45938
2589,482.7246
603,2882.0793
16141,251.57773
15251,1061.6797
13038,396.9148
4701,482.24518
10409,480.97485
17522,702.65485
18511,418.50116
6701,395.0337
7976,1311.0143
1532,1750.0566
11679,311.90036
8906,569.10187
5115,395.0337
6714,790.4562
926,694.02625
12892,343.09296
9882,230.90218
2680,614.8991
17369,924.91864
14987,458.79663
17378,497.25076
6065,538.587
8420,383.33826
9837,536.03
1987,434.35275
8921,396.16245
17873,512.7636
6064,527.34863
9960,471.69046
5678,417.69498
20775,2190.4824
11212,461.95547
16787,261.83896
16752,468.07086
12779,431.17905
3735,404.8171
16479,577.7922
197,583.71954
179,384.02505
5402,376.16278
15264,478.32892
9859,254.91588
7627,422.62433
15141,513.55
14720,473.0891
13239,482.4789
10838,476.1474
7100,493.30524
4342,575.9936
12290,2843.8147
16336,414.97937
13379,341.26855
7392,1589.5192
3049,289.85843
1896,460.356
12495,505.29785
2314,503.54633
4877,445.6929
15669,610.0594
5571,438.65363
5206,435.56296
10046,505.52713
18599,429.40375
16873,317.5967
6661,398.53104
13047,505.97858
17964,445.33356
3173,475.0058
1327,489.17773
20088,370.88715
2969,433.68555
4493,2001.6091
6825,462.3719
11233,526.70514
6793,443.50507
9083,458.0961
468,388.40613
5121,379.83347
1726,436.7669
12595,2236.7947
17935,545.25854
5430,280.53262
7683,241.22565
5730,527.3268
20888,448.141
20352,575.4444
8397,1785.0505
19256,333.0684
9440,1341.6901
6964,2453.1428
17426,423.7561
12674,706.08875
8958,321.37732
8151,431.44135
633,2204.471
11357,471.59317
2511,578.4207
18658,1149.4645
4046,770.48303
11414,305.89728
8187,491.93973
15236,510.52826
18220,792.7201
18804,2616.0989
2824,1550.493
13689,255.88582
12810,376.71295
15197,1796.2495
11379,473.23575
5983,551.61914
7630,282.9416
7585,650.2991
3855,278.11725
20132,573.1651
6633,413.31458
3836,444.93164
11748,364.96658
18097,458.51416
2023,887.8402
10510,2399.9595
7981,246.20825
5569,532.48083
3273,565.1164
14693,476.08786
3178,448.59674
8278,607.15344
94,526.3829
13811,436.15436
8926,446.80878
20212,396.78458
16955,482.73492
9938,408.0494
9902,587.4967
5362,1251.083
2822,423.5057
5296,396.72205
2478,448.7722
7367,444.10065
20886,2281.625
9046,598.78076
3897,285.88696
18967,280.71503
2202,1169.4075
16811,3382.037
11474,386.62344
18478,1170.9868
13981,567.59766
1358,729.824
15007,278.28348
7437,336.3321
13374,426.5118
4977,426.8369
17599,1528.91
8344,446.4983
13789,844.56494
10164,481.5954
16791,494.9044
5785,501.22476
5622,245.66484
7504,285.90826
14011,1594.0411
15408,526.13544
13284,452.03555
11204,443.9014
19418,450.12793
1410,543.0257
10401,393.1189
10750,487.49506
13001,460.6978
2518,325.73938
10816,294.0438
13650,2301.5588
5461,341.26855
8399,491.2368
20229,617.5448
15228,464.09622
2655,379.9033
20425,588.97424
8698,436.7948
3211,1560.4679
2231,452.82678
15639,761.7797
2612,490.81357
3421,470.16882
16934,345.06134
4454,522.3634
1392,384.68445
2988,328.70404
10008,275.6987
4974,815.0494
15379,396.5739
10107,3766.3398
13745,396.00146
8070,1846.8213
2780,308.16092
5568,394.95786
3778,684.0012
3817,474.4858
12471,296.26715
6865,1081.1705
1558,447.3062
4375,432.42572
20707,551.99603
15492,299.33865
12189,1638.4541
4473,2453.1428
5969,362.9401
6898,462.78735
12364,530.07117
5615,517.4729
4623,432.96494
6756,341.0244
4418,450.2309
2184,2171.411
9208,420.9004
7010,612.7857
15477,466.7518
10734,724.2924
16493,301.8069
7454,566.255
7816,3101.6882
17458,543.47894
5627,381.35666
2030,419.2074
1656,1964.6858
10885,295.42816
1160,439.3594
19741,499.6938
1490,588.62354
1768,330.09503
10344,393.28616
14354,543.34595
20517,641.06104
2793,261.92853
12033,531.9814
1286,272.01517
15861,478.7466
17734,454.22012
10282,279.669
14369,638.5114
3834,822.3751
11493,536.5766
14365,526.55914
1281,557.41315
6786,458.45264
387,467.0563
18573,380.2984
8042,482.46933
7039,4308.7363
1215,418.12286
5479,991.8471
12270,427.1664
17305,478.11008
12225,1187.0575
19456,2477.1636
9551,221.59103
18013,252.98465
1004,260.6817
1081,349.0911
5889,277.44034
18811,491.04117
17996,3766.3398
17856,482.76413
3261,855.6315
5345,505.60797
4043,470.3567
10353,1463.1764
18273,1546.4152
12522,280.71503
10480,358.06287
3078,373.5059
16536,587.04254
17684,465.86844
17558,509.09158
15254,480.51093
20208,352.3179
2941,423.91833
17047,1135.8335
6249,369.62375
16707,598.9641
7358,203.71391
5909,1390.6831
5612,345.78604
7957,494.9044
6328,771.108
3192,410.63278
9261,543.0537
8530,261.0524
14102,587.5965
7016,1102.7937
11253,270.73285
13807,267.61362
580,653.8568
14548,506.00052
325,412.93994
17871,223.20177
20657,341.36337
3293,410.29477
11245,567.2816
18663,335.7916
4944,581.51526
3895,502.7248
20633,469.96405
471,557.94696
5549,512.7636
8271,482.88025
19895,318.96173
7669,531.6636
14785,461.9773
8861,1245.8727
19445,254.33858
13862,1177.7981
19629,455.83334
9226,470.18802
10481,313.47745
8141,651.89136
19252,593.1006
2499,487.8881
11881,393.01236
8155,529.7336
1522,293.11688
15261,467.9578
17886,333.44055
10935,656.63477
15230,422.2543
16164,504.47403
18099,339.02206
16619,285.97797
19694,705.8462
5290,422.90167
14700,1663.1562
10698,404.35974
17908,452.82678
15908,398.19202
10193,646.4342
9911,1943.5521
1208,617.2371
16818,2384.8333
9707,440.4166
20930,1292.9752
1767,573.9071
52,823.5149
3562,254.91588
14695,404.9837
7666,359.9821
12635,542.677
3341,255.41542
10844,441.2078
17089,1392.2643
10775,311.44424
19427,1951.4323
18585,2652.0615
13400,396.1042
16860,322.65808
17469,708.47046
11262,421.47498
14236,530.07117
3276,401.00623
16588,263.42
20221,517.4729
20552,477.72098
4294,558.3042
6471,406.54214
9185,135.83968
4803,1805.6757
4233,438.54022
4003,443.03952
16498,452.64178
16650,381.38962
16202,669.7049
10261,472.80435
16366,300.4437
13084,252.04268
13568,281.82068
11969,4658.951
18582,423.06244
14275,351.5579
10617,767.27625
20529,261.44937
20304,2115.5354
14941,658.6761
6613,822.3751
8221,426.4875
13344,351.96246
11503,420.84805
14310,410.4171
12874,254.33858
1185,364.7213
2749,1235.0442
2652,429.34006
13717,457.34598
12891,368.77737
14391,364.96658
10269,505.12946
20541,960.0003
13258,332.22
19112,379.82523
6713,2334.6577
20051,440.3248
10452,504.0525
3837,412.6
2606,419.3617
1085,426.14496
10426,350.50668
20314,766.8187
1680,3143.4968
9178,337.8107
18974,278.76065
8787,313.09985
10360,455.83334
10372,612.2229
11338,1715.3922
16252,658.6761
17180,247.02419
627,735.58185
1766,621.4574
10584,1962.4354
14402,432.8531
2440,525.1471
5925,396.78458
3680,243.57312
1614,586.00433
20469,417.95248
10567,621.33185
4403,606.971
16350,280.69162
2035,423.78802
11290,3489.99
4192,259.73618
5738,2034.5123
4167,235.91
9771,2535.7993
11347,441.29385
17389,678.5095
14192,407.98926
2122,455.01974
11612,5699.4873
17598,700.97363
19912,943.70447
11531,462.78735
14112,633.17676
19778,532.73364
15423,389.42325
18523,558.3042
4139,422.90167
9280,322.00842
10300,328.9813
19054,3607.476
3294,744.8577
10690,412.93488
2024,717.8719
1082,436.65573
14278,359.44794
11859,313.47745
9480,2490.933
13446,594.45514
5093,344.31436
20452,475.4523
19310,530.4447
993,451.1712
7852,492.89426
12814,286.7406
6358,475.0058
6643,545.6765
2460,320.32214
7210,511.83893
19072,1749.5696
12926,291.78073
15587,301.14557
20619,326.6199
18377,266.46204
11028,1016.849
13901,1185.0367
17503,757.81494
16262,472.37543
3854,544.9382
13863,506.5205
3263,445.77945
1870,967.29144
15703,1126.3503
16681,385.90668
13263,438.43146
12064,439.4012
499,400.50983
10111,383.9556
14292,305.26776
15893,291.5776
14741,1478.7067
3419,360.94778
15084,2871.637
17511,1776.1273
11451,449.47827
18789,389.41623
14972,378.35474
8047,376.68204
9909,798.3591
9064,274.9017
12083,438.01083
8870,678.5113
16469,348.1431
18730,442.08316
8280,499.0688
128,494.162
3636,586.363
6832,1529.5355
390,378.13852
15366,372.24072
16383,333.4935
6815,161.60501
6850,411.93622
20162,299.00085
15030,396.16278
13318,464.0427
13950,478.10876
14709,1662.3937
14749,452.15005
16987,394.69672
10382,512.7636
11552,632.5983
16936,276.66788
10839,261.49078
5483,619.65875
1115,316.82004
9107,383.46368
14732,626.98987
5667,270.17764
3409,488.9082
7576,266.96762
14938,1306.2009
19243,279.2347
8521,231.09755
19790,1589.5192
16392,496.5618
13441,404.38364
5018,349.01007
20878,444.08948
15848,358.53232
12896,463.9529
19607,423.0919
18303,1637.4094
9156,532.5847
19019,530.07117
7906,493.3225
14988,450.94012
15866,396.13477
1597,253.08252
12299,598.3429
5179,522.1007
5186,529.44965
996,483.14966
393,427.40173
9539,314.0611
8869,411.93622
12830,420.84805
17781,223.20177
19020,169.70464
4703,325.86633
12619,439.64273
11527,360.45486
20303,446.18774
10327,503.56625
17498,632.6049
4023,456.49274
18820,447.97534
9725,490.81357
4146,415.27408
17213,807.15564
15438,516.7942
16812,491.58224
10878,2176.104
14219,1273.7402
2304,406.11456
12684,2208.5166
12613,296.48956
17329,674.4129
4612,468.2151
9015,685.0197
4208,396.75458
2415,265.24475
7130,355.6589
20382,1213.5376
8251,907.14325
19043,418.38428
5298,349.21597
17076,582.7526
414,351.9039
6627,495.39328
18398,525.9923
14703,277.14102
7549,944.8609
10350,394.08002
20009,387.04074
4622,792.3475
19271,1227.2208
19567,2009.0526
4251,374.06894
2610,479.0725
8274,1368.3972
20937,463.75525
2782,2228.2288
17126,692.485
3062,289.72424
17028,430.79703
14976,499.85385
15005,1637.4094
20940,2141.9436
19320,324.0914
2869,3422.812
9264,590.31116
12065,392.26038
20042,366.65286
3291,444.26605
6965,307.4922
2446,918.226
20000,1637.4094
9770,540.8829
12662,489.07126
13188,448.6873
10637,509.2499
10009,471.0318
9892,293.11688
98,466.20407
5886,343.71594
18623,570.5213
20729,250.39977
9961,550.35693
3246,220.55502
368,263.67648
20011,2460.2485
20777,2198.2004
7678,2444.4329
14412,692.46844
19820,919.0943
3427,424.72443
16596,476.51065
1457,585.66644
20128,451.0124
17546,422.7847
14532,445.53784
12440,234.54414
8386,375.2125
20214,447.63287
3567,967.8416
356,659.9827
8519,757.81494
15327,587.90155
7787,1624.1449
8364,1390.6831
18217,252.98465
13442,359.9984
4850,482.46933
9690,450.74695
9403,422.01904
9248,1316.1372
15374,313.09985
1606,274.62302
5024,415.27408
1793,481.0036
1585,511.64685
15685,518.7622
15414,385.57657
3553,301.08438
3720,401.69397
15880,280.73523
8771,326.2917
15998,452.31616
3279,261.83896
1304,389.7188
11436,322.1913
16916,282.47565
17282,413.796
13667,1758.8942
16296,280.5737
14895,406.44843
20478,837.8871
11318,556.3159
10464,430.5721
6858,414.27216
17850,831.83466
18740,789.73236
8165,336.28287
10232,397.29736
10169,565.1143
15867,1925.7557
3219,630.2487
3074,750.31354
16603,239.82195
15987,1525.8457
16329,465.72452
4267,2176.104
17418,465.15997
12582,523.08734
19839,289.85687
20563,1067.6094
2695,653.21124
11659,1732.5721
20328,530.49493
18701,341.15793
19064,603.2638
1028,671.1762
11871,413.65884
19082,1177.7981
8347,448.6873
8056,263.05167
11187,711.66583
2501,575.43005
12692,468.60626
18256,406.61322
4186,357.74393
2464,737.7074
8963,3232.2517
5071,300.39465
7235,169.70464
14834,336.13525
4907,279.2347
5841,471.8893
18316,290.9229
15385,381.54712
15318,640.96155
8404,302.6751
1646,449.0863
6619,318.99893
11463,478.10876
2887,789.84625
17281,2894.4368
11320,1758.8942
3079,1227.2208
11521,281.98694
16542,1884.8655
2984,502.71576
19655,3318.79
8082,394.66702
2911,161.60501
709,416.16946
7521,268.798
18957,827.5703
11200,1925.7557
5515,832.5814
2839,860.05396
3594,596.74927
1311,589.56177
6132,267.1482
11090,1260.1113
230,433.20078
8355,2522.7222
16072,312.09995
2038,497.7541
17236,566.9207
4416,1430.889
20611,646.1004
730,370.5816
19421,255.70827
3652,536.03
20348,451.79288
10039,2194.256
9395,369.5609
11584,632.45404
7616,649.5791
9704,1615.288
18568,473.05475
19549,456.49274
19229,474.46893
3428,411.3699
20449,385.9005
16137,764.7289
4690,762.31793
13899,1207.8671
8369,372.5223
17260,515.31366
20539,371.07614
1201,1976.3304
15654,1740.3875
10609,473.39795
8339,579.74084
3515,5486.553
110,311.5865
20925,481.43768
9926,301.70978
10351,493.30524
20255,448.6873
11908,580.6251
15038,1025.2177
8868,1490.7189
8268,3273.585
13061,619.97876
4835,1436.5878
3928,1746.0963
8522,494.66507
14403,376.59518
3143,432.05698
14743,277.8257
1923,464.56442
7285,576.2106
9806,237.37364
6237,344.60712
16539,1714.5957
10574,3361.0881
4605,445.26395
12459,458.85242
10377,2734.8347
11995,515.44586
15378,1273.7402
12844,304.52478
5918,456.49274
20560,370.7595
4254,1002.0381
6304,1067.6094
2811,531.3855
483,2040.1791
9081,257.8088
7338,2176.104
12034,430.5721
7005,405.22702
3473,409.68698
16525,357.45135
12726,659.51746
11278,446.98026
8657,882.88385
6845,3145.1602
8978,339.81735
16059,480.2015
8412,683.8556
6287,233.16714
18706,255.88582
3402,648.2159
8106,404.9837
8499,932.16724
3765,415.01373
8994,746.578
19261,820.0105
5172,255.33504
11032,1251.0071
1909,536.856
15891,1547.3835
8510,291.53604
19609,309.65536
19904,477.4259
13264,463.03705
9576,458.85242
4321,518.03406
8524,533.78766
15779,594.18054
8145,335.7519
15990,2217.0022
6143,435.49625
3152,454.65558
14708,1015.08636
6438,402.45883
6125,571.6515
17217,438.54022
18958,290.9229
4868,402.45883
4706,619.65875
10420,550.20746
2343,475.18866
5722,754.707
18930,978.97
8144,491.03107
10123,277.44034
12263,455.72192
3856,685.5664
6101,432.43912
7165,296.68567
20136,585.66644
18397,1535.522
17955,565.1164
13617,538.1588
4905,693.85095
20275,344.43707
13610,279.0382
4426,458.1139
16210,995.423
6097,879.40283
9803,447.00867
19062,514.87445
4227,967.279
4187,884.099
11593,223.20177
10629,2069.704
3142,483.7799
17531,540.3586
8858,764.7289
11845,291.78073
1147,536.1608
18646,422.36227
6089,1171.5724
4566,381.79984
11677,474.18173
533,595.74347
4065,403.64133
17360,287.60547
5555,454.02353
12715,339.71503
8780,456.92075
17639,519.81146
20440,579.7094
7626,756.9048
3968,1824.4484
1519,628.43396
18997,548.17285
16673,233.8213
6708,316.01343
16178,478.96332
14714,253.09558
3644,487.44415
11841,467.96048
4614,298.93872
17316,454.78506
19474,503.56625
6930,337.0036
3268,488.442
10857,350.29398
550,573.6838
16287,2262.592
15224,2150.497
18252,501.05118
3654,1217.6191
6492,330.42664
13266,231.94075
10777,432.91315
15745,279.34534
1029,792.32837
19866,340.253
4120,451.28564
7225,413.14224
17485,2040.845
16622,870.1778
934,556.635
4093,477.13498
9278,335.77625
15567,535.5757
894,1257.1207
1734,564.9933
16782,794.0034
6710,464.12622
10988,302.959
12762,489.07126
5949,399.97665
12426,279.9717
17594,373.86014
5177,478.521
6288,540.0746
17929,369.96716
1241,382.335
20044,356.77814
13426,536.1608
5286,457.0508
688,257.9583
20802,419.3635
6181,469.6445
16374,505.4471
15556,2126.0376
16533,477.5696
16827,891.9918
138,1943.3174
11471,281.5976
10109,469.6445
13227,430.49875
5327,269.24536
16024,705.8722
6514,396.78458
5539,1674.3523
13628,289.154
7040,343.09296
1381,470.3567
18940,450.2309
2379,401.1016
7844,995.26855
25,655.50415
9339,737.98083
10477,3091.0164
6482,905.91156
6730,364.96658
8864,333.0684
5789,310.66095
2427,429.27527
18570,538.4926
16684,454.82883
19465,307.28195
10502,391.8233
8989,518.9566
19989,1637.4094
12876,265.8451
1789,1730.117
11763,1063.0096
10821,257.45624
8158,473.5886
1264,425.81363
676,1207.1254
19278,455.68433
277,356.38724
18352,1402.6456
9112,487.42444
6647,264.37408
4692,576.2106
12038,383.69476
10863,467.68338
9139,1126.0269
5823,436.9269
2531,372.4054
9421,508.47174
14083,629.37415
3801,947.955
13685,1155.3328
12631,436.96237
12501,512.6618
303,436.145
3618,449.7987
14316,394.46323
12028,285.58948
5475,417.30368
13669,562.3792
13662,573.9719
18467,427.48975
2535,460.77252
3044,2574.6418
7888,360.94778
12790,444.93164
19107,1569.7734
5647,2250.1218
9980,541.8156
20787,2477.605
18085,1210.1978
20216,343.48352
760,494.88956
10097,482.3147
5080,284.97955
19299,442.48245
17960,343.66565
6909,2277.117
20805,309.4905
9132,401.554
7780,264.35358
7438,429.01154
3122,375.03714
12295,269.24536
9687,2243.729
16510,518.02094
9126,983.2765
11406,782.52344
14609,650.7132
8882,316.01343
19588,55.441116
2308,308.52597
7493,327.8515
8779,2673.6484
16142,1119.7457
11673,280.71503
13414,547.56757
1342,271.3941
14658,339.9698
1323,317.83557
4219,567.49713
7299,479.96082
1073,398.83206
17464,843.7688
9918,384.49942
10847,556.4481
2641,2489.8806
9606,506.4745
16423,435.4578
7670,670.46063
16026,433.29578
12894,249.08095
4012,728.7207
18338,574.30597
4264,521.85876
2490,310.2815
3757,1892.7543
11705,2314.712
11483,333.17114
8872,558.63806
10419,1066.0154
1617,558.2026
10792,2223.1736
3947,2878.4204
2775,452.29907
2966,351.96246
12409,502.44543
14207,447.3062
13478,232.59427
16464,380.34488
15659,533.12604
566,639.1182
6587,616.4817
4563,374.41376
14501,307.15515
18760,1953.2064
10234,1560.923
15162,2299.1665
20923,1227.2208
10886,432.87683
18910,691.6449
5763,451.3522
8287,882.4957
8765,594.4061
374,166.79428
2208,344.46658
12166,2560.918
18791,1541.5608
11135,958.08
13500,274.8359
12700,1069.6338
3967,382.45007
18638,235.37918
4691,383.46368
1621,1824.4484
8550,556.3313
1373,393.28616
19270,568.34094
3683,379.04733
20604,460.09927
12477,391.95547
2912,293.4242
4411,522.8561
11309,467.68338
2471,836.38715
5203,533.9672
8573,474.76202
7795,1709.7297
11507,283.72806
1985,546.76575
15296,532.6351
14686,395.0337
9713,277.44034
3918,579.29645
18240,538.922
4681,361.86765
2563,452.89694
13770,527.7645
17336,552.88715
19340,469.04544
3732,524.48474
2564,481.6054
12661,292.57242
12416,560.0465
4057,410.3465
4983,379.77295
18729,279.9717
1065,785.3396
7613,272.13095
9047,381.0943
3157,678.5095
9847,419.0621
5063,2213.3926
8396,417.77518
4018,256.35556
8799,291.35193
11631,1772.4126
18593,582.0262
16722,2282.3975
19393,462.5201
12188,508.6727
19423,602.61115
19327,504.97974
3437,428.91504
12852,395.0337
14488,437.75464
19725,254.9283
12565,269.0002
11369,711.66583
2814,297.04715
10688,385.91183
9215,1222.4076
19410,543.3361
4102,446.4721
17444,450.8437
246,520.8278
19164,532.3811
1782,2314.9797
2926,505.39032
11365,432.87955
16018,438.3351
7249,415.3714
1683,913.8049
20067,309.65536
11236,2484.7107
15763,3361.8323
13085,641.3895
1124,503.02945
8334,484.975
14808,372.82913
6817,420.89606
11797,487.19812
13683,323.22824
11852,502.98132
15150,288.34036
700,410.38898
15778,359.84866
13452,302.24683
11641,656.63477
17493,462.5201
7873,662.26636
17602,2671.5342
6327,868.2757
12629,502.167
2629,552.7957
6214,433.6649
19674,284.91254
403,250.50168
6427,265.5433
3569,410.8882
6025,1024.1254
7640,269.24536
12320,714.59033
18999,492.0673
15499,1402.6456
2620,412.37732
5939,2009.937
18426,402.07727
10537,420.4753
8006,807.15564
7758,497.0872
19739,470.26828
940,217.65623
13587,973.8747
8502,413.0181
6742,552.759
2919,2552.769
10658,505.0424
5189,419.2074
17215,1306.2009
18274,2244.9863
18832,374.83502
10227,383.46368
6984,303.69574
5265,631.4528
10697,519.7565
10633,380.21066
13560,421.9073
952,398.875
4807,431.44135
7275,496.0033
14903,541.35925
1398,652.3454
20364,1060.8546
9939,433.20245
20397,405.96106
4960,619.09656
2852,421.74982
10071,937.16736
15094,506.5501
1744,380.71466
5881,240.71887
18326,260.71313
17662,445.32666
19634,2348.7295
9088,1121.318
14810,415.48975
8188,481.1413
13676,474.16644
2840,2068.597
2210,299.13623
20444,899.46014
18857,469.04544
4561,286.95862
20521,598.27686
15694,414.30048
8615,730.443
2170,254.91588
19395,2315.8315
10118,521.0743
11623,419.41855
11662,476.8254
12196,450.40955
7749,450.3145
16109,258.72845
15715,453.0488
11640,325.03482
10755,854.72925
7779,255.79367
19743,1327.4568
639,432.05743
8376,456.74332
3288,594.1364
18022,290.73047
9944,576.3065
5142,509.24274
16668,430.41406
8905,434.16962
12148,391.27615
9087,587.54364
20402,498.28433
7153,371.4309
17987,525.4549
9587,528.824
16195,799.0632
11127,755.4625
16025,528.4009
71,509.95364
17805,534.49243
19460,408.44806
9912,481.18213
5361,560.06744
17447,2570.3127
11716,337.01807
1818,553.3099
12199,344.0186
19744,645.1742
5372,291.15564
15655,1196.2815
1485,446.4721
4076,995.26855
14860,528.6184
7943,492.46057
13565,373.24896
9231,294.40115
4412,444.54236
13671,408.15134
8923,427.6418
8190,280.92264
4247,2367.466
11202,537.252
3321,734.35175
1894,300.0817
18497,417.94977
2624,416.96436
4482,304.7715
3872,529.7336
15157,1804.5026
2850,518.959
20816,417.00885
7468,551.36554
20096,407.4011
8899,233.8213
7706,492.086
4857,892.66
3674,422.90167
13601,513.69037
10995,491.11008
16507,656.4488
15184,324.7379
15910,507.8066
14943,1246.1073
3258,503.9333
8843,1380.6036
7913,1436.0715
13275,446.29306
8557,199.92984
268,467.99893
8026,499.6938
18762,543.3523
12520,377.53815
13820,290.73047
6513,573.9071
18000,552.57117
4001,419.73697
8414,348.9437
2849,2202.5825
17779,439.22885
8916,812.575
13658,476.1923
6785,365.25504
20799,789.73236
12571,293.68927
20207,222.40009
17539,403.64133
17914,297.03662
5083,389.13742
4912,362.86508
10384,294.28174
15834,573.0837
12395,318.7357
2043,483.1477
11429,401.22705
4640,612.6005
2766,291.4808
12922,989.9092
1244,554.6706
8400,480.16937
10101,1203.9116
9279,361.91364
14590,445.54123
7013,389.8674
17728,470.34872
9069,477.46982
2354,2202.9355
9708,1975.3904
6544,423.8256
2752,231.67482
13675,396.72205
15078,436.3029
9349,446.13397
14946,389.47278
9594,1141.5116
7233,477.6918
2077,932.16724
6171,408.52133
7082,723.66547
2301,473.05475
19888,404.7429
15693,246.69142
7059,428.16782
7224,341.26855
16527,3324.7297
7506,420.6533
17905,212.75217
18814,505.70007
10735,478.96332
13469,2158.6475
10493,301.26437
18926,1703.8585
10632,451.59436
16950,506.18134
16948,425.4588
20659,1425.147
3045,291.69287
19161,537.74023
11695,307.71387
19530,320.08282
6822,475.18866
19977,1024.1031
2723,496.44467
10265,1925.7557
6451,363.78058
13649,511.67078
16568,796.86115
16712,1871.3253
14850,822.3751
15653,471.03635
864,461.77148
6999,437.60147
7475,778.0927
12070,529.8088
18844,426.5059
9382,424.73706
19518,450.01205
12998,348.11887
13054,363.14886
18653,696.4558
6353,532.77814
20693,396.78458
4429,1980.6945
11449,1126.3503
12394,463.438
18210,517.8994
291,547.86414
12439,622.2208
7098,394.8739
751,426.49008
15382,395.09982
1612,540.99744
20354,687.80286
1059,404.38797
4168,500.05832
14119,395.25403
15833,680.71075
6895,418.8077
14755,778.19855
4560,228.83266
4828,607.7322
6650,257.87802
7118,401.3838
5932,415.3572
15882,503.4179
8466,1141.602
16021,1284.5798
9774,641.06104
11058,457.0508
16471,246.69142
16298,482.24518
12725,871.10535
1112,530.07117
4470,2016.7266
6303,455.16858
20686,631.5316
11857,494.4882
14258,428.73352
18325,687.80286
19817,301.2751
9515,645.3591
3269,1386.5247
6768,2852.7026
11737,435.81558
16485,861.99994
4330,455.21954
11416,619.97876
4569,295.7338
12985,518.03406
2133,512.5661
1292,274.13214
1492,400.74973
18175,3109.5962
10807,325.60413
15628,338.11526
10487,841.09985
18894,463.5203
11085,448.31873
4679,425.88095
410,382.1229
3777,376.8778
7173,389.22748
18178,505.3548
12984,2021.0609
16236,408.64548
6282,513.69037
1980,563.45703
3114,746.578
17661,223.10712
18650,427.8619
13079,225.43245
1634,958.08
8632,524.5442
3528,374.5784
7444,547.5594
10732,608.0252
2898,1287.5392
16106,760.52264
8410,330.33676
2733,1824.4484
2001,384.3872
7450,393.28616
1396,1497.1759
7776,1206.3954
15706,386.56857
18953,470.18802
6470,464.66068
16918,577.3577
13328,958.08
19180,739.7435
16810,468.52264
17730,306.0222
18674,1878.7609
14059,764.7289
20853,413.15015
1722,551.61914
14592,560.508
11843,391.58844
17776,332.48596
11556,344.7584
2121,543.0108
173,447.9662
17242,1378.2825
13546,526.5507
10915,356.4805
4676,296.41437
3870,574.8032
5277,1724.6157
11953,465.9899
12410,2528.9087
8891,1746.0963
11893,350.29398
16338,450.94012
11398,396.42728
4220,1577.9408
15456,341.99762
4869,499.72067
11067,407.455
6229,530.8742
16010,280.35687
6244,436.20093
7668,318.0853
20625,380.23154
9894,390.4952
17982,510.17935
5726,2240.907
4415,712.10266
5204,518.8875
18975,321.05368
3357,506.5205
5645,389.84204
3639,280.86356
15770,436.03476
7689,730.443
3796,498.60623
17519,505.60797
7760,566.23175
3981,436.83386
12673,288.57883
7831,527.3733
4780,395.09982
2303,372.3032
7455,1523.9713
20224,293.0694
9805,2573.7654
20123,3243.3809
16065,1330.603
10402,436.47375
10479,530.4447
18290,764.9742
5193,341.36337
169,426.88693
10925,2042.6813
4471,300.39465
1595,444.93546
9670,292.73627
10928,336.2355
5171,435.3732
7321,464.11816
5755,952.6464
18410,482.02982
3283,392.60745
3876,1383.8356
5281,272.91928
5273,549.2992
1338,254.35721
5031,682.4711
1069,3034.8855
5436,327.0991
16084,364.1696
18128,577.3577
7877,243.43576
8293,470.84952
10718,614.27655
8088,489.13037
6552,2024.7501
11156,379.16165
12003,413.99084
1197,685.2358
15402,841.4937
5782,296.48956
3420,372.67307
2599,403.9356
318,433.74817
2186,481.2763
8918,542.22186
6797,410.03857
9071,522.59015
5256,272.4958
19248,384.01196
5777,2459.0798
10430,509.0506
9004,337.81592
7535,509.28897
6751,305.8486
7558,461.74277
452,432.7107
9876,602.61115
19321,1610.2406
9729,413.30115
4038,569.30096
17638,298.3315
139,507.8175
11582,397.8518
19822,447.65955
12666,370.35043
13793,508.98898
386,1412.0911
11766,373.65488
9997,434.97205
718,562.71313
9577,532.96356
12905,462.6432
19205,634.34625
17821,584.9969
4677,550.04205
13291,277.8257
16253,678.5113
8902,567.00604
5520,2047.2775
14209,440.73615
18232,576.2106
19519,400.2548
1418,507.46503
16155,469.1332
8358,1423.5055
3230,2823.4033
3657,1063.0853
20016,468.30548
6285,301.58337
1526,386.90396
19041,2190.2124
15239,463.6842
5271,524.9048
8984,478.10876
9536,1545.9937
20587,418.50116
15739,477.47202
11214,349.7738
11348,663.1637
13866,817.9164
10668,653.58057
18259,499.98587
18998,479.59183
148,532.0516
2528,301.70978
1763,766.4816
14054,424.03763
7062,269.0002
8618,730.0255
14756,589.56177
18077,894.274
5234,629.3842
10373,286.02332
7622,708.47046
4800,541.917
15561,2748.2568
9203,483.01285
7494,836.8439
3977,265.02396
19309,427.71777
14330,522.98663
7868,439.7767
4273,133.21654
7739,311.66885
4923,558.185
20943,584.9969
9172,407.77402
7133,434.81253
13949,454.4712
19535,393.36783
2798,389.11526
10179,966.0686
11115,817.18994
9031,425.93353
15154,269.61105
3520,302.3639
4588,414.10104
20019,562.4118
6696,449.5682
829,326.5848
754,486.21585
11733,396.5739
19927,568.1618
19747,1649.9467
9628,277.95486
9675,464.56442
17545,1071.2438
8291,807.15564
19401,617.3792
13727,307.37906
13058,3463.2085
19002,556.9202
13088,279.58167
1443,1374.7179
12020,565.198
12796,648.9226
20182,873.174
6827,435.85
19035,918.574
11940,393.29306
15002,1207.3788
6017,476.8254
20147,301.29263
15860,394.46323
13023,473.3411
832,416.49384
14167,440.08704
18755,326.6199
10881,1242.5012
8873,503.64313
8741,417.9875
13187,2357.232
11239,2482.7842
20825,403.9813
17267,2459.0798
543,328.02155
2779,252.58208
14440,377.27393
7094,1922.7118
15620,293.17432
15371,645.5444
8727,564.38293
9448,630.7304
5241,707.54285
8323,1044.5203
2475,339.71503
18424,519.0559
13217,917.78314
8809,536.2463
1817,502.5021
19650,430.98212
8922,624.9108
18746,462.30417
19202,317.83557
2763,2245.5923
20187,316.01343
2472,331.64526
11075,1847.9266
8790,495.56946
16817,629.37415
13910,2824.5593
10934,427.96548
5513,702.65485
4177,391.89114
17796,587.44586
9462,111.31594
19698,438.30237
11632,467.25952
7410,227.13104
19146,537.2805
1819,336.3309
3973,726.8394
14450,2293.801
3132,356.77322
12086,1556.2854
20577,310.6814
10321,469.6445
4221,760.92145
1436,1424.1147
13598,517.09753
8737,353.92856
11798,449.47827
13410,697.8392
15713,1381.114
9253,2072.466
20857,393.3266
20887,1152.9866
5213,566.3834
6242,378.70477
18859,868.4269
10241,1807.7821
385,1018.14575
16985,449.83658
917,637.6745
8374,1860.8606
3758,422.36227
460,372.08475
6502,403.91443
711,331.39252
14907,512.0524
7698,596.5969
2344,291.15564
4888,387.04074
12334,398.9578
7555,739.81
9723,416.69122
4728,440.07852
11478,268.31454
2562,456.49274
19752,269.96307
6227,287.60547
3262,455.4265
13162,439.17493
10623,2199.4177
11099,430.5594
1504,462.6432
9554,212.75217
18752,256.8517
8716,589.8544
17441,448.53918
10077,498.1564
1316,465.86844
7356,407.67557
9513,294.6916
4638,330.42664
4390,1861.4259
3781,1393.5674
10628,461.91144
4864,562.44147
1908,255.33504
10509,255.33504
8025,373.78754
5015,535.2445
10236,422.90167
10769,395.6192
6275,488.43713
20213,1695.2281
15086,442.78152
14027,618.487
4896,312.59113
11392,714.21844
16256,444.57346
13340,546.76575
2326,3981.2466
14127,322.45804
1594,249.42668
7467,291.53604
13461,2293.4958
3345,437.90057
18693,262.6225
3305,420.18814
13503,442.30334
989,366.08173
6988,403.73242
4217,300.37122
3352,634.0082
16751,346.12164
16463,394.6155
20749,426.97467
7766,261.44937
10000,479.2105
4772,1640.7039
11944,463.30273
2774,458.09418
118,601.07025
662,1228.0038
16055,330.42664
11867,489.99573
20327,765.4543
9313,1265.2122
17918,489.13037
20227,274.62302
4165,383.20462
13353,422.7847
4945,1309.6735
12518,427.30338
699,191.81787
16474,532.5847
17031,442.90024
13175,621.3818
17641,589.952
344,775.8707
4054,393.738
15015,564.38293
18992,313.23367
13743,502.61563
3181,504.0525
17434,574.8252
14537,480.7708
18353,383.9783
7347,505.1959
8817,1306.2009
2355,1954.568
18247,1284.0374
3807,381.99
12235,464.12622
19668,409.9785
7682,369.05634
13171,1824.4484
2583,711.66583
19137,4247.927
19086,1970.7173
4356,358.52307
19794,527.34863
18531,279.27567
12861,1744.1298
15825,468.27924
19349,789.73236
16413,642.6294
9822,533.601
10954,498.39908
6539,2546.295
17725,504.47403
20048,527.88135
1973,475.73126
349,1247.9724
15428,323.34943
9066,443.03952
16192,404.82745
7598,602.7969
9825,299.0634
13616,2156.8323
1667,309.05283
16648,381.79984
8987,415.9463
18064,435.6048
15540,268.9534
7435,213.79439
7895,557.4679
20622,396.78458
3457,408.24527
4609,596.74927
10854,237.74957
15484,2176.104
2227,274.62302
7733,524.48474
14178,569.35596
613,759.8552
16096,492.3587
3907,380.04907
13552,288.22476
475,585.0286
1889,507.3119
729,551.2932
15448,246.69142
1765,1943.5521
606,846.36957
6168,2431.0242
1107,455.83334
5388,454.52893
14698,508.16284
18305,266.96762
3534,473.6757
13846,471.99026
4393,2606.4563
9380,294.0752
8654,473.09393
3903,386.18445
4336,1257.2089
18321,614.9905
12972,456.449
1020,325.60413
8972,458.0961
9244,415.2494
12285,346.78995
20072,1056.8107
8960,192.7468
20407,374.80496
8329,2113.2373
4086,376.16278
9196,284.39413
5201,482.46933
16984,422.31802
10610,519.0559
19437,574.49365
14800,2371.855
2529,321.05368
16005,519.7959
962,1130.8823
7992,456.49274
9361,371.7887
5519,608.1551
13090,1191.7592
15110,987.07947
15262,1188.6849
13509,2176.104
527,1214.6816
11710,277.14102
11234,510.7371
5036,1636.6593
20177,319.93604
170,515.7069
17544,462.72284
9180,816.7304
5984,390.85422
9504,493.7648
18901,174.3294
7491,460.7421
18345,455.3661
15539,1159.3884
7436,424.11972
19831,348.24365
1321,411.5259
2690,584.3692
11232,449.42883
19883,539.21155
19469,277.8257
7360,659.3841
18885,349.0911
19598,849.76904
11437,398.48172
7192,402.45883
10520,1406.4802
5765,752.1119
6279,266.86255
13792,319.13953
3661,470.64862
12279,844.56494
4571,1202.3989
16899,478.29108
5496,2303.0186
9936,470.95816
3298,833.6056
753,721.9605
16387,307.02914
19114,1355.3113
17204,416.67563
16518,289.12903
10953,2560.918
20384,252.28604
8504,283.1945
853,432.4132
9272,489.47217
13118,727.562
7101,469.6445
14688,542.1737
17966,476.8254
79,1653.6498
222,533.07043
11962,560.9119
18895,2755.181
2718,469.92267
5434,537.02374
6685,450.27258
13629,1253.0128
13448,566.5787
8609,464.67807
2710,428.87863
7216,420.24796
1405,384.85873
2534,3710.4731
5657,291.59546
9432,340.253
7124,723.07666
13657,2713.8403
8480,2644.4944
11384,1542.1588
5221,497.13266
7966,348.9818
8172,315.32947
13926,383.46368
20311,280.9645
7272,336.28287
2296,470.18802
19032,1155.8871
19374,902.7419
13843,478.24744
14074,584.7626
2013,344.31512
9855,252.28604
16281,311.8344
19979,408.93323
14462,554.6706
19940,289.60596
4705,456.72504
18375,801.59485
7566,352.94983
13517,402.83035
20319,470.59012
16455,404.44913
18164,396.16278
11457,927.6896
8254,854.72925
3602,581.7086
18107,523.3642
16076,646.11475
9891,3663.6577
2550,213.48294
8453,291.59546
15204,441.2078
9698,161.60501
3740,531.7497
3812,432.16562
703,312.55502
1041,274.6608
3024,516.9148
13358,415.19656
11664,291.4808
5117,518.8198
12510,516.7359
14735,478.9015
16937,463.59357
11980,298.06943
13474,384.23462
11511,807.40594
13578,525.1471
19162,438.88556
9635,339.6075
8445,479.42767
20202,387.75168
12887,457.51285
1551,299.4748
17693,576.3065
19900,360.18442
4197,513.5943
20482,2814.1287
2993,457.49185
6207,342.91144
6916,534.4783
18790,210.45576
12029,2299.1665
12408,2705.362
14093,500.6367
2935,238.2736
20287,156.50674
10183,572.50916
6780,1806.0417
6425,400.29062
13261,596.74927
19177,360.94778
13160,593.2489
6378,531.80414
20703,478.1055
19523,496.24265
8640,574.956
11255,336.67996
4266,335.7916
17432,470.28293
8366,483.3046
5567,1368.3972
15497,848.5157
1138,396.78458
19841,646.27594
17327,1025.2177
17334,1140.5323
18091,2644.4944
725,353.1764
5269,479.65118
3963,433.29865
1475,2925.1726
7988,2253.677
1272,530.07117
14704,246.85124
14454,424.56137
19980,396.5203
9283,1550.493
15645,410.82126
13276,1614.3088
9374,1390.6831
10598,995.26855
15679,485.3223
13126,275.59763
11609,371.2346
13780,457.88635
0,619.11017
5113,417.99283
4209,720.9922
20964,274.39734
4555,473.05475
14028,352.3217
2615,394.75488
12475,509.33646
14249,337.01807
19504,737.15405
20281,1130.5714
3642,620.22473
15603,402.71616
10113,585.23016
10736,241.71979
17128,2357.232
13817,514.64594
2451,679.7759
12058,790.4562
20001,417.00885
13354,278.90936
8585,293.00714
1261,408.26346
12026,2308.8374
3378,462.62366
15188,456.49274
8486,463.27472
3877,408.99237
1876,558.5228
15274,501.3188
17159,463.75525
11421,438.3351
7266,445.3504
10910,902.23474
1491,2310.075
14408,582.87836
1897,391.8233
18976,453.41476
20372,2687.9426
11988,418.12286
16600,398.1279
3105,530.2564
18639,1291.9851
6429,492.70853
9398,383.47498
19500,423.74744
1158,411.16467
11928,441.58484
5965,1615.288
2930,1008.8166
3165,979.0925
4879,832.2995
14328,470.52863
13181,640.36066
19210,912.7646
15256,519.0559
456,1384.1108
2055,449.0863
15419,519.7565
4747,1918.4941
12253,364.91708
10927,496.24265
12950,233.86472
15851,281.43454
11335,458.06305
10471,420.8969
13257,257.3288
14477,1593.3384
6593,3895.772
12523,482.7246
10801,670.91974
17041,2484.7107
29,276.38312
16156,455.4149
736,437.60895
12301,524.32715
12392,471.61746
13742,246.69142
14793,438.78845
6291,464.11816
8425,369.10974
11799,824.59015
5586,573.7537
17457,464.82416
18117,434.63754
14190,450.27682
4026,594.21094
10316,497.6964
9077,718.77924
259,443.23016
8847,550.5801
11626,2477.605
11013,321.7587
4726,420.931
8140,531.3855
5175,325.86633
8078,471.61746
11564,263.05167
4529,271.8476
20050,1511.9785
18682,598.8822
2402,706.70905
16131,570.0816
16286,565.198
13143,720.0567
4144,436.91922
13938,502.7248
4651,2035.3173
9733,579.71985
492,505.3971
4269,311.8344
15024,587.44586
1739,604.5919
12374,1200.8042
15544,410.63214
3578,505.62796
20233,161.60501
13827,502.33853
20146,539.19055
9324,2270.053
11729,362.2429
12508,436.03476
14088,276.66788
14076,1180.8524
2925,581.70105
11661,429.46625
5199,1300.3182
8890,493.30524
19001,891.3372
10532,816.2687
10422,397.04083
3119,254.91588
13524,409.48062
16354,221.17754
4495,944.6573
9549,2723.8896
20167,511.47095
11723,254.33858
1465,465.15997
3724,447.22025
10788,1652.5634
12120,418.12286
16417,591.2263
19760,506.17365
4511,327.32452
12319,594.1859
779,1341.3293
2239,329.99307
8031,529.77466
14715,575.0445
20109,416.3787
6918,256.35556
13754,436.40457
18536,1950.217
4318,538.85205
5386,285.97797
3624,728.58044
4633,336.28287
17040,396.31607
4316,470.28293
14242,275.549
5472,418.3049
14342,390.88666
14648,1091.771
6628,1615.5881
14795,728.7207
5654,381.62943
15754,1029.3749
11872,628.609
7761,596.74927
9100,438.95844
3467,2398.0122
314,410.40814
3692,519.5364
18544,347.5749
5868,1755.4973
3739,187.47981
12954,466.8809
20222,336.67996
3597,1378.5662
19342,284.65607
18044,458.09695
3358,516.40515
5664,530.07117
19193,545.06305
1018,902.4047
47,1861.6569
3346,575.55023
294,1031.1051
4754,492.4435
16857,409.6039
14802,555.1285
4504,461.91144
8688,441.72424
17772,480.64215
18864,2252.5122
851,769.8519
156,780.5799
7653,286.28427
15060,1652.5634
15326,408.56763
9575,1813.782
11787,364.11115
11235,428.11346
16941,1202.4962
3458,1258.2426
13164,2198.1306
17953,1987.7354
12094,337.07516
17692,293.7015
7103,3347.8132
8627,426.87595
3958,506.18134
7246,877.30975
404,737.46423
1529,2200.2256
16081,501.04562
19551,317.63782
17888,320.34692
15130,1124.4482
8183,345.58646
16537,566.3834
4479,528.4009
20652,1260.1113
14080,584.6759
12489,416.1735
11054,512.0042
13803,548.7325
5287,426.59723
7919,495.3499
11743,585.6842
11031,296.13577
20225,4063.858
2015,229.01868
4108,478.99466
14982,379.73578
2223,301.64194
6461,831.83466
14788,418.50116
4443,332.22
11956,1002.0381
8635,314.38925
13485,502.5021
6762,509.87567
13882,289.154
8686,270.81888
15136,520.2569
16182,282.7766
13298,324.5924
18026,431.1394
2295,332.1747
13065,525.2499
14078,2752.0522
9585,462.25983
12356,789.73236
11647,1479.9222
16043,253.55467
3542,496.98602
6636,688.1762
11209,2398.0122
12788,4456.3457
4060,740.7856
3626,1987.7354
19919,288.04074
15748,573.2433
9553,460.40814
18038,145.09758
18955,862.0339
19872,307.15515
8607,1512.3889
8748,2049.5222
5628,313.29248
9963,518.45874
1219,404.76367
19874,577.492
13790,2200.1453
19647,848.812
20704,523.34033
3766,2490.933
9552,285.23456
17071,417.64426
16381,223.20177
16380,297.6591
6856,464.889
17027,446.0843
3292,386.56857
9769,822.3751
8223,499.85385
18385,1279.2251
15841,377.83032
5511,446.26038
13959,394.8454
16621,206.71999
2233,824.92194
9466,110.64231
20763,470.18802
12317,223.20177
1733,333.0684
20790,415.19656
13382,1048.36
13174,470.18802
16378,624.9108
14085,288.96292
3575,341.3768
19056,350.29398
663,532.72095
10028,352.50995
2172,309.9747
4573,501.9261
16976,268.68784
19138,381.87903
12178,504.1574
16416,509.49487
14547,316.01343
20573,387.7835
17430,621.6885
12398,389.84204
18322,251.24007
16703,995.26855
3988,444.08557
4457,316.01343
17854,546.2361
10581,406.98135
5735,1200.4158
9522,418.23224
17415,499.44717
15704,1988.0654
19115,1306.2009
1385,341.26855
861,352.47223
4458,975.5428
3007,844.56494
11219,364.49875
6907,647.3722
19565,275.85464
2237,619.5669
15138,395.0337
13537,764.7289
15707,2396.0884
3547,747.3665
8343,246.94945
554,369.7884
11301,559.8747
13158,520.221
11528,435.20483
11726,388.16315
1166,729.8562
1191,472.35287
15317,257.0066
648,379.88925
12158,558.0569
6007,1257.2089
15547,373.70285
12515,2484.7107
14033,271.2581
297,795.1693
18733,396.16278
6162,245.77274
13574,739.1945
